case_id,like_count,follower_count,published_at,comment_count,visual_main_arousal_label,visual_main_arousal_share,text_arousal_label,text_arousal_confidence,comment_count_effective,anger_count,anger_rate,visual_stim,text_stim
v001,54688,69000,2025-12-11T03:19:09+00:00,1509,说明,0.804688,说明,high,1509,179,0.11862160371106693,0,0
v002,4380,57000,2025-12-25T02:14:45+00:00,455,说明,0.571157,说明,high,455,70,0.15384615384615385,0,0
v003,5689,8547,2025-12-24T10:28:48+00:00,412,说明,0.645299,说明,high,412,69,0.16747572815533981,0,0
v004,2181077,2489000,2025-11-30T22:52:07+00:00,11736,说明,0.98659,说明,medium,11736,844,0.07191547375596455,0,0
v005,2227,19000,2025-12-05T18:40:27+00:00,54,说明,0.643275,说明,high,54,6,0.1111111111111111,0,0
v006,779168,180000000,2025-11-30T03:19:32+00:00,25,说明,0.605263,说明,high,25,1,0.04,0,0
v007,2919,88000,2025-12-06T04:51:08+00:00,119,说明,0.483254,说明,high,119,22,0.18487394957983194,0,0
v008,528978,6630000,2025-12-03T23:56:12+00:00,6559,说明,1.0,说明,medium,6559,948,0.1445342277786248,0,0
v009,847443,2016000,2025-12-02T22:17:23+00:00,4069,刺激,0.833333,刺激,high,4069,1199,0.29466699434750554,1,1
v010,14847,46000,2025-12-24T02:02:22+00:00,615,说明,0.931298,说明,high,615,70,0.11382113821138211,0,0
v011,100689,11532000,2025-11-30T21:36:46+00:00,5317,说明,0.5,说明,high,5317,743,0.13974045514387812,0,0
v012,131050,28603000,2025-12-04T17:16:04+00:00,59,刺激,0.46875,说明,high,59,9,0.15254237288135594,1,0
v013,332420,3525000,2025-12-03T02:41:33+00:00,532,说明,0.679739,刺激,high,532,116,0.21804511278195488,0,1
v014,814134,25820000,2025-12-02T21:32:39+00:00,237,刺激,0.655738,刺激,medium,237,40,0.16877637130801687,1,1
v015,35138,14643000,2025-12-02T22:12:57+00:00,1089,说明,0.6,说明,high,1089,229,0.21028466483011937,0,0
v016,4670,28603000,2025-12-24T00:38:03+00:00,346,说明,0.452381,说明,high,346,3,0.008670520231213872,0,0
v017,58624,14193000,2025-11-28T20:39:51+00:00,45,刺激,0.692308,说明,high,45,1,0.022222222222222223,1,0
v018,193539,11532000,2025-12-03T00:48:59+00:00,1045,说明,0.75,说明,high,1045,228,0.21818181818181817,0,0
v019,109907,27945000,2025-12-02T17:18:49+00:00,3984,刺激,0.5,刺激,medium,3984,612,0.1536144578313253,1,1
v020,53161,329000,2025-12-10T07:43:39+00:00,1349,说明,0.465035,说明,high,1349,128,0.09488510007412898,0,0
v021,2852,18444000,2025-12-23T20:16:18+00:00,5,说明,1.0,说明,high,5,0,0.0,0,0
v022,98325,5535,2025-11-28T06:31:25+00:00,32,说明,0.529412,刺激,high,32,3,0.09375,0,1
v023,3062,6120000,2025-12-19T06:52:06+00:00,377,说明,0.933333,说明,medium,377,106,0.28116710875331563,0,0
v024,64261,2672000,2025-12-06T00:56:35+00:00,1520,说明,1.0,说明,high,1520,281,0.18486842105263157,0,0
v025,492749,329000,2025-12-04T03:46:23+00:00,85,说明,0.53112,刺激,high,85,0,0.0,0,1
v026,216402,2842000,2025-11-29T23:38:52+00:00,164,刺激,0.375,说明,medium,164,21,0.12804878048780488,1,0
v027,72833,54000,2025-12-03T22:52:55+00:00,1743,刺激,0.588235,说明,high,1743,294,0.1686746987951807,1,0
v028,9183,12369000,2025-12-24T00:31:26+00:00,176,说明,0.517241,说明,high,176,29,0.16477272727272727,0,0
v029,310841,6630000,2025-12-02T19:45:14+00:00,7703,说明,0.666667,说明,high,7703,1294,0.16798649876671426,0,0
v030,91471,196000,2025-12-03T23:58:47+00:00,3399,刺激,0.666667,刺激,high,3399,502,0.1476904972050603,1,1
v031,133952,1293000,2025-12-03T18:44:03+00:00,1027,说明,0.957746,刺激,medium,1027,184,0.17916260954235638,0,1
v032,3106,263000,2025-11-30T19:44:29+00:00,1742,说明,0.526316,说明,high,1742,284,0.16303099885189437,0,0
v033,43070,10694000,2025-12-24T03:11:03+00:00,1188,说明,0.575758,说明,high,1188,83,0.06986531986531987,0,0
v034,60726,5535,2025-12-02T08:52:27+00:00,200,刺激,1.0,刺激,high,200,28,0.14,1,1
v035,192533,70000,2025-11-28T19:04:22+00:00,38,说明,1.0,说明,high,38,1,0.02631578947368421,0,0
v036,95714,31354000,2025-12-01T00:59:02+00:00,2496,说明,0.708333,说明,high,2496,405,0.1622596153846154,0,0
v037,40328,32999000,2025-12-01T02:56:11+00:00,1409,说明,0.8,说明,high,1409,105,0.0745209368346345,0,0
v038,275960,4106000,2025-12-02T17:43:55+00:00,6523,说明,1.0,说明,high,6523,771,0.11819714855128008,0,0
v039,499216,18444000,2025-12-02T20:09:39+00:00,10949,说明,0.647059,说明,high,10949,1430,0.13060553475203215,0,0
v040,252201,518000,2025-12-02T19:12:49+00:00,7079,说明,1.0,说明,high,7079,782,0.11046758016669021,0,0
v041,680490,40197000,2025-12-03T03:03:55+00:00,9073,说明,0.451613,说明,high,9073,706,0.07781329218560565,0,0
v042,145489,6630000,2025-12-03T21:10:08+00:00,2253,说明,0.583333,刺激,high,2253,474,0.2103861517976032,0,1
v043,312550,10694000,2025-12-05T00:50:36+00:00,150,说明,0.767068,说明,medium,150,11,0.07333333333333333,0,0
v044,46901,6630000,2025-12-01T01:05:31+00:00,3664,说明,0.925373,说明,high,3664,533,0.14546943231441048,0,0
v045,468872,38237000,2025-12-03T14:00:40+00:00,840,说明,0.448276,刺激,medium,840,75,0.08928571428571429,0,1
v046,114951,27385000,2025-12-18T23:12:50+00:00,40,说明,1.0,说明,medium,40,3,0.075,0,0
v047,361835,105000,2025-12-07T22:37:11+00:00,10115,说明,0.6875,说明,high,10115,444,0.043895205140879884,0,0
v048,12382,27385000,2025-12-18T23:16:08+00:00,764,说明,0.560606,说明,high,764,118,0.1544502617801047,0,0
v049,14891,420000,2025-12-24T19:28:14+00:00,563,说明,1.0,说明,high,563,37,0.06571936056838366,0,0
v050,226404,32999000,2025-12-03T02:25:27+00:00,1268,说明,0.536232,刺激,medium,1268,113,0.08911671924290221,0,1
v051,333404,4106000,2025-12-02T18:35:11+00:00,9353,说明,1.0,说明,high,9353,1454,0.15545814177269326,0,0
v052,43535,1788000,2025-12-03T17:59:24+00:00,1774,说明,0.525,说明,high,1774,328,0.18489289740698986,0,0
v053,9789,18378000,2025-11-30T18:09:36+00:00,2685,说明,0.78125,说明,high,2685,391,0.14562383612662944,0,0
v054,9959,24998000,2025-11-30T02:50:21+00:00,1487,说明,0.5,说明,high,1487,239,0.16072629455279086,0,0
v055,27197,232000,2025-12-24T01:09:37+00:00,43,说明,1.0,说明,high,43,1,0.023255813953488372,0,0
v056,25051,1356000,2025-12-01T17:14:40+00:00,63,说明,0.357143,说明,high,63,5,0.07936507936507936,0,0
v057,15268,24998000,2025-12-23T19:30:12+00:00,9,说明,1.0,说明,high,9,0,0.0,0,0
v058,4858,27385000,2025-11-30T04:53:32+00:00,1709,说明,0.694444,说明,high,1709,311,0.18197776477472205,0,0
v059,197182,8246000,2025-12-02T21:37:43+00:00,3838,刺激,0.818182,刺激,high,3838,472,0.12298071912454403,1,1
v060,3544,2135000,2025-12-24T03:17:05+00:00,276,说明,0.702703,说明,high,276,24,0.08695652173913043,0,0
v061,114091,84000,2025-12-02T19:16:11+00:00,617,说明,0.458333,说明,high,617,20,0.03241491085899514,0,0
v062,39256,31354000,2025-12-23T19:53:02+00:00,16,说明,0.6,说明,high,16,0,0.0,0,0
v063,100012,13472000,2025-11-29T00:31:05+00:00,4796,刺激,0.529412,说明,high,4796,918,0.19140950792326938,1,0
v064,59467,610000,2025-11-28T21:58:39+00:00,88,说明,0.5,说明,high,88,21,0.23863636363636365,0,0
v065,189735,31000,2025-11-28T18:33:35+00:00,1020,说明,0.6,说明,high,1020,88,0.08627450980392157,0,0
v066,27109,776000,2025-11-30T05:42:45+00:00,4379,说明,0.5,说明,high,4379,683,0.15597168303265585,0,0
v067,53944,9965000,2025-11-29T01:29:18+00:00,13,说明,0.829787,说明,high,13,1,0.07692307692307693,0,0
v068,222415,5606000,2025-12-04T03:03:56+00:00,2900,刺激,1.0,刺激,high,2900,452,0.15586206896551724,1,1
v069,791,39000,2025-12-01T23:39:24+00:00,634,说明,0.630435,说明,high,634,71,0.11198738170347003,0,0
v070,86750,24998000,2025-12-19T04:50:09+00:00,44,说明,1.0,说明,high,44,2,0.045454545454545456,0,0
v071,8046,662000,2025-12-25T02:50:54+00:00,145,说明,1.0,说明,high,145,8,0.05517241379310345,0,0
v072,33772,959000,2025-12-02T23:43:49+00:00,2087,说明,0.529412,刺激,high,2087,371,0.17776712985146143,0,1
v073,94076,14076000,2025-12-02T23:55:36+00:00,1640,说明,0.466667,说明,high,1640,355,0.21646341463414634,0,0
v074,202121,2674000,2025-12-02T23:05:46+00:00,1889,刺激,0.4,说明,medium,1889,129,0.06829010058231869,1,0
v075,4729,24000,2026-03-14T19:28:48+00:00,150,说明,1.0,刺激,high,150,32,0.21333333333333335,0,1
v076,210893,14643000,2025-12-02T16:58:11+00:00,6145,说明,1.0,说明,medium,6145,664,0.1080553295362083,0,0
v077,45830,698000,2025-12-03T01:22:08+00:00,2172,说明,0.844444,说明,high,2172,495,0.22790055248618785,0,0
v078,165548,2361000,2025-12-04T04:22:30+00:00,339,说明,1.0,说明,medium,339,16,0.0471976401179941,0,0
v079,75631,31354000,2025-12-03T05:16:18+00:00,1361,说明,0.707317,说明,medium,1361,197,0.14474650991917706,0,0
v080,106611,2504000,2025-12-03T03:32:54+00:00,365,说明,0.64557,刺激,medium,365,27,0.07397260273972603,0,1
v081,87045,70000,2025-12-06T04:29:09+00:00,496,说明,0.478723,说明,medium,496,8,0.016129032258064516,0,0
v082,10516,1356000,2025-11-30T04:48:33+00:00,394,刺激,0.5,说明,high,394,66,0.16751269035532995,1,0
v083,20004,43011000,2025-12-23T20:01:49+00:00,615,说明,1.0,说明,high,615,16,0.026016260162601626,0,0
v084,4543,23000,2026-01-25T17:04:01+00:00,200,刺激,0.741935,刺激,high,200,7,0.035,1,1
v085,157006,11532000,2025-12-02T20:01:10+00:00,50,刺激,0.5,说明,high,50,10,0.2,1,0
v086,5494,11532000,2025-12-04T04:16:20+00:00,569,刺激,0.5,说明,high,569,82,0.14411247803163443,1,0
v087,477493,2146000,2025-12-03T00:28:17+00:00,18,说明,0.701754,刺激,medium,18,0,0.0,0,1
v088,10620,416000,2025-11-29T07:49:51+00:00,560,说明,0.818182,说明,high,560,107,0.19107142857142856,0,0
v089,63812,1356000,2025-12-03T01:24:41+00:00,1584,刺激,0.4,刺激,high,1584,242,0.1527777777777778,1,1
v090,130693,8246000,2025-12-03T00:40:48+00:00,343,说明,0.574074,刺激,high,343,58,0.16909620991253643,0,1
v091,12468,6630000,2025-12-23T19:38:54+00:00,3,说明,1.0,说明,high,3,0,0.0,0,0
v092,68575,1356000,2025-12-02T19:30:59+00:00,1393,说明,0.578947,刺激,medium,1393,220,0.15793251974156497,0,1
v093,4370,38237000,2025-11-30T09:01:16+00:00,28,说明,0.755102,说明,high,28,1,0.03571428571428571,0,0
v094,29772,169000,2025-12-03T18:01:36+00:00,441,说明,0.796117,说明,medium,441,69,0.1564625850340136,0,0
v095,70956,2496000,2025-12-03T00:30:13+00:00,3346,说明,0.544715,刺激,high,3346,188,0.056186491332934844,0,1
v096,14208,25820000,2025-12-23T21:54:53+00:00,639,说明,0.571429,说明,high,639,23,0.03599374021909233,0,0
v097,9330,10289000,2025-12-23T23:13:09+00:00,499,说明,1.0,说明,high,499,41,0.08216432865731463,0,0
v098,18143,1636000,2025-12-01T01:14:54+00:00,31,刺激,0.5,说明,high,31,2,0.06451612903225806,1,0
v099,31943,2135000,2025-11-28T22:58:43+00:00,82,说明,1.0,说明,high,82,15,0.18292682926829268,0,0
v100,44919,5606000,2025-12-23T23:56:22+00:00,68,说明,1.0,说明,high,68,0,0.0,0,0
v101,4576,11421000,2025-12-23T20:25:49+00:00,930,说明,0.5,说明,high,930,79,0.08494623655913978,0,0
v102,68051,38237000,2025-11-28T20:50:16+00:00,5,说明,0.839286,说明,high,5,0,0.0,0,0
v103,60859,50479000,2025-12-23T22:01:34+00:00,46,说明,0.486486,说明,high,46,1,0.021739130434782608,0,0
v104,68395,13000,2025-12-27T20:40:00+00:00,3916,说明,1.0,刺激,high,3916,676,0.17262512768130744,0,1
v105,256561,471000,2025-12-05T04:11:10+00:00,1952,说明,0.479133,说明,high,1952,212,0.10860655737704918,0,0
v106,56665,698000,2025-12-05T04:03:04+00:00,531,说明,0.4,刺激,medium,531,36,0.06779661016949153,0,1
v107,120591,20792000,2025-12-02T17:57:27+00:00,2456,说明,0.571429,说明,high,2456,106,0.04315960912052117,0,0
v108,50620,70000,2025-12-02T22:05:18+00:00,3120,说明,0.625,说明,medium,3120,218,0.06987179487179487,0,0
v109,1892,149000,2025-12-23T20:56:59+00:00,77,说明,1.0,说明,high,77,3,0.03896103896103896,0,0
v110,6224,97000,2025-12-03T17:29:43+00:00,128,刺激,0.727273,说明,high,128,2,0.015625,1,0
v111,16272,405000,2025-12-02T18:20:54+00:00,295,刺激,0.5,说明,medium,295,58,0.19661016949152543,1,0
v112,1420,24998000,2025-11-30T03:57:07+00:00,576,说明,0.73913,说明,high,576,110,0.1909722222222222,0,0
v113,38004,1788000,2025-12-03T21:36:59+00:00,513,说明,0.470588,说明,high,513,28,0.05458089668615984,0,0
v114,21020,864000,2025-12-03T04:36:44+00:00,141,刺激,0.818182,刺激,medium,141,3,0.02127659574468085,1,1
v115,7745,39725000,2025-12-23T19:11:19+00:00,17,说明,1.0,说明,high,17,0,0.0,0,0
v116,128333,5606000,2025-12-03T17:59:35+00:00,1319,说明,0.428571,说明,high,1319,71,0.053828658074298714,0,0
v117,1874,5467000,2025-12-01T03:03:13+00:00,17,说明,0.650485,说明,high,17,2,0.11764705882352941,0,0
v118,25458,605000,2025-12-03T03:00:00+00:00,432,说明,0.827586,说明,high,432,54,0.125,0,0
v119,26031,419000,2025-12-04T03:20:00+00:00,592,刺激,0.892857,说明,high,592,24,0.04054054054054054,1,0
v120,28552,808000,2025-12-02T23:35:10+00:00,317,刺激,0.6,说明,medium,317,84,0.26498422712933756,1,0
v121,21461,462000,2025-11-29T00:38:49+00:00,70,说明,0.56,说明,high,70,2,0.02857142857142857,0,0
v122,1881,286000,2026-03-18T19:01:26+00:00,387,刺激,0.730415,刺激,high,387,18,0.046511627906976744,1,1
v123,4574,3078000,2025-12-04T20:09:10+00:00,36,刺激,0.444444,说明,high,36,1,0.027777777777777776,1,0
v124,1324,885000,2025-11-30T18:08:11+00:00,33,说明,1.0,说明,high,33,7,0.21212121212121213,0,0
v125,9363,45004000,2025-12-23T19:48:43+00:00,36,说明,0.714286,说明,high,36,0,0.0,0,0
v126,20534,10289000,2025-12-02T19:08:46+00:00,429,说明,0.8,说明,high,429,68,0.1585081585081585,0,0
v127,20236,12601000,2025-12-04T18:50:23+00:00,49,刺激,0.837838,刺激,high,49,2,0.04081632653061224,1,1
v128,5138,1914000,2025-12-04T04:21:47+00:00,287,说明,0.777778,刺激,medium,287,61,0.21254355400696864,0,1
v129,48855,1688000,2025-12-05T23:11:05+00:00,886,说明,0.753036,说明,high,886,134,0.15124153498871332,0,0
v130,65729,553000,2025-12-02T22:51:03+00:00,91,说明,0.44186,刺激,medium,91,25,0.27472527472527475,0,1
v131,2779,27385000,2025-12-23T19:22:28+00:00,24,说明,1.0,说明,high,24,0,0.0,0,0
v132,251191,24998000,2025-12-02T19:49:06+00:00,202,说明,0.604651,说明,high,202,32,0.15841584158415842,0,0
v133,141744,1867000,2025-12-07T02:23:30+00:00,459,说明,0.908234,说明,high,459,94,0.2047930283224401,0,0
v134,4097,47154000,2025-12-23T20:17:14+00:00,5,说明,0.909091,说明,high,5,0,0.0,0,0
v135,1150,7147000,2025-12-23T20:52:47+00:00,328,说明,0.846154,说明,high,328,32,0.0975609756097561,0,0
v136,80316,5624000,2025-11-30T23:37:59+00:00,8,说明,0.571429,刺激,medium,8,1,0.125,0,1
v137,5406,28319000,2025-12-23T19:40:25+00:00,12,说明,1.0,说明,high,12,0,0.0,0,0
v138,23129,5146000,2025-12-23T21:09:29+00:00,37,说明,0.777778,说明,high,37,0,0.0,0,0
v139,4063,4243000,2025-12-04T04:37:48+00:00,713,说明,1.0,说明,high,713,159,0.22300140252454417,0,0
v140,702,50174000,2025-12-23T19:56:11+00:00,24,说明,1.0,说明,high,24,1,0.041666666666666664,0,0
v141,62561,10126000,2025-12-03T22:18:39+00:00,6,说明,0.556522,说明,high,6,0,0.0,0,0
v142,268085,38237000,2025-12-01T20:12:50+00:00,7,说明,0.571429,说明,high,7,0,0.0,0,0
v143,8809,2504000,2025-12-23T21:46:39+00:00,39,说明,0.8,说明,high,39,0,0.0,0,0
v144,8000,1040000,2025-12-02T01:02:36+00:00,26,刺激,0.4,说明,high,26,1,0.038461538461538464,1,0
v145,30587,844000,2025-12-03T19:07:51+00:00,500,刺激,0.941176,刺激,high,500,108,0.216,1,1
v146,61147,18378000,2025-12-01T05:09:06+00:00,27,说明,0.943396,说明,high,27,1,0.037037037037037035,0,0
v147,38242,11728000,2025-12-03T18:45:30+00:00,4,说明,0.677419,说明,medium,4,0,0.0,0,0
v148,51941,662000,2025-12-03T00:09:24+00:00,783,说明,0.6,说明,high,783,35,0.04469987228607918,0,0
v149,41238,103000,2025-11-28T07:29:04+00:00,372,刺激,0.644444,刺激,high,372,87,0.23387096774193547,1,1
v150,6843,1944000,2025-12-02T23:22:17+00:00,228,刺激,0.5,刺激,medium,228,58,0.2543859649122807,1,1
v151,4382,2006000,2025-12-06T19:41:30+00:00,83,说明,0.581281,说明,high,83,5,0.060240963855421686,0,0
v152,34858,1181000,2025-12-03T17:54:34+00:00,2673,刺激,0.75,说明,high,2673,627,0.2345679012345679,1,0
v153,6044,2125000,2025-12-23T19:35:18+00:00,8,说明,1.0,说明,high,8,0,0.0,0,0
v154,10792,120000,2025-11-29T02:29:15+00:00,266,刺激,1.0,说明,high,266,14,0.05263157894736842,1,0
v155,1868,449000,2025-12-24T01:02:15+00:00,101,说明,0.548387,说明,high,101,1,0.009900990099009901,0,0
v156,2544,14643000,2025-12-23T21:31:48+00:00,120,说明,0.625,说明,high,120,1,0.008333333333333333,0,0
v157,1006,5406000,2025-12-23T20:15:43+00:00,12,说明,1.0,说明,high,12,1,0.08333333333333333,0,0
v158,8142,1788000,2025-12-04T22:39:09+00:00,4,说明,1.0,说明,high,4,0,0.0,0,0
v159,20867,1867000,2025-12-25T02:20:12+00:00,663,说明,0.619247,说明,high,663,87,0.13122171945701358,0,0
v160,13497,3525000,2025-12-11T07:01:59+00:00,67,说明,0.909091,说明,high,67,4,0.05970149253731343,0,0
v161,280398,27385000,2025-12-23T19:12:50+00:00,17,说明,1.0,说明,high,17,0,0.0,0,0
v162,41605,10163000,2025-12-05T21:19:17+00:00,1683,说明,0.997222,刺激,high,1683,158,0.09387997623291741,0,1
v163,35201,2504000,2025-12-24T02:37:39+00:00,4050,说明,0.745902,说明,high,4050,656,0.16197530864197532,0,0
v164,8455,162000,2025-12-04T20:22:11+00:00,386,说明,0.579387,说明,high,386,110,0.2849740932642487,0,0
v165,626,11532000,2025-12-24T00:43:36+00:00,57,说明,0.818182,说明,high,57,4,0.07017543859649122,0,0
v166,1369,3660000,2025-12-01T00:45:47+00:00,11,说明,0.5,说明,high,11,0,0.0,0,0
v167,22057,1509000,2025-12-09T02:19:22+00:00,503,说明,0.827419,说明,high,503,47,0.09343936381709742,0,0
v168,89362,111000,2025-12-04T07:35:26+00:00,2933,说明,0.566929,说明,high,2933,398,0.13569723832253666,0,0
v169,5822,32999000,2025-12-23T19:51:03+00:00,57,说明,1.0,说明,high,57,0,0.0,0,0
v170,6274,111000,2025-12-09T16:46:42+00:00,187,说明,0.55543,说明,high,187,8,0.0427807486631016,0,0
v171,354556,480000,2025-12-04T21:15:12+00:00,5019,刺激,0.470405,说明,high,5019,947,0.18868300458258616,1,0
v172,69215,32006000,2025-12-23T20:01:36+00:00,63,说明,0.954545,说明,high,63,0,0.0,0,0
v173,3797,178000,2026-03-19T01:27:29+00:00,340,刺激,1.0,刺激,high,340,96,0.2823529411764706,1,1
v174,87050,2125000,2025-12-02T23:52:26+00:00,22,说明,0.625,说明,medium,22,1,0.045454545454545456,0,0
v175,6244,22738000,2025-12-23T22:26:39+00:00,493,说明,1.0,说明,high,493,17,0.034482758620689655,0,0
v176,11179,104000,2025-12-13T15:00:00+00:00,499,说明,0.923077,说明,medium,499,55,0.11022044088176353,0,0
v177,1045346,6630000,2025-12-02T21:00:00+00:00,623,刺激,1.0,刺激,high,623,79,0.12680577849117175,1,1
v178,148102,8246000,2025-12-24T01:21:04+00:00,4038,说明,0.641026,说明,high,4038,475,0.11763249133234274,0,0
v179,12617,13472000,2025-12-24T05:38:50+00:00,223,说明,0.833333,说明,high,223,5,0.02242152466367713,0,0
v180,947528,4106000,2025-12-02T18:28:37+00:00,919,说明,1.0,刺激,medium,919,102,0.11099020674646355,0,1
v181,1726463,6630000,2025-12-05T01:45:34+00:00,149,说明,0.747899,说明,medium,149,5,0.03355704697986577,0,0
v182,2243,2623000,2026-01-18T20:30:32+00:00,69,说明,1.0,说明,high,69,2,0.028985507246376812,0,0
v183,138457,2146000,2025-12-04T10:27:43+00:00,2420,刺激,0.677419,刺激,high,2420,406,0.16776859504132233,1,1
v184,512102,5606000,2025-12-03T03:32:49+00:00,9536,刺激,0.727273,说明,medium,9536,343,0.035968959731543626,1,0
v185,218465,10694000,2025-12-03T00:22:58+00:00,1659,说明,0.798077,说明,medium,1659,225,0.13562386980108498,0,0
v186,81744,11532000,2025-11-28T07:22:34+00:00,2999,说明,0.5,说明,high,2999,674,0.2247415805268423,0,0
v187,79485,518000,2025-12-23T21:08:20+00:00,2091,说明,1.0,说明,high,2091,43,0.020564323290291727,0,0
v188,14259,28319000,2025-12-23T19:40:10+00:00,21,说明,1.0,说明,high,21,0,0.0,0,0
v189,18,7287000,2025-12-23T21:56:56+00:00,8,说明,0.617021,说明,high,8,0,0.0,0,0
v190,141,2746000,2025-12-25T00:51:50+00:00,8,说明,0.53125,说明,high,8,1,0.125,0,0
v191,2445,3525000,2025-12-24T05:50:46+00:00,23,说明,0.503759,说明,high,23,1,0.043478260869565216,0,0
v192,6929,18378000,2025-12-24T00:43:53+00:00,12,说明,0.82,说明,high,12,0,0.0,0,0
v193,133,5082000,2025-12-23T20:38:33+00:00,5,说明,1.0,说明,high,5,0,0.0,0,0
v194,2763,1291000,2025-12-24T01:11:54+00:00,222,说明,0.75,说明,high,222,6,0.02702702702702703,0,0
v195,495,83000,2025-12-24T02:49:54+00:00,33,说明,0.641509,说明,high,33,0,0.0,0,0
v196,453,1788000,2025-12-23T22:57:37+00:00,19,说明,1.0,说明,high,19,0,0.0,0,0
v197,3805,5624000,2025-12-23T19:54:18+00:00,59,说明,0.571429,说明,high,59,3,0.05084745762711865,0,0
v198,92,1788000,2025-12-23T22:52:33+00:00,4,说明,1.0,说明,high,4,0,0.0,0,0
v199,123,481000,2025-12-24T00:50:54+00:00,5,说明,0.882353,说明,high,5,0,0.0,0,0
v200,386,161000,2025-12-23T20:08:06+00:00,27,说明,1.0,说明,high,27,0,0.0,0,0
v201,429,9834000,2025-12-23T21:31:19+00:00,30,说明,0.863636,说明,high,30,0,0.0,0,0
v202,61,3582000,2025-12-23T23:39:23+00:00,5,说明,0.978261,说明,high,5,2,0.4,0,0
v203,37,1070000,2025-12-23T23:49:48+00:00,3,说明,0.909091,说明,high,3,0,0.0,0,0
v204,111,626000,2025-12-24T02:26:24+00:00,15,说明,0.777778,说明,high,15,0,0.0,0,0
v205,304,298000,2025-12-23T22:41:23+00:00,89,说明,1.0,说明,high,89,2,0.02247191011235955,0,0
v206,122,2548000,2025-12-24T01:17:08+00:00,14,说明,1.0,说明,high,14,0,0.0,0,0
v207,330,1914000,2025-12-23T19:42:31+00:00,13,说明,1.0,说明,high,13,0,0.0,0,0
v208,444,14193000,2025-12-24T02:35:42+00:00,10,说明,0.55814,说明,high,10,0,0.0,0,0
v209,1370,329000,2025-12-24T05:44:49+00:00,140,说明,0.774892,说明,high,140,12,0.08571428571428572,0,0
v210,318,111000,2025-12-23T19:33:41+00:00,34,说明,1.0,说明,high,34,3,0.08823529411764706,0,0
v211,990,70000,2025-12-23T19:47:29+00:00,89,说明,1.0,说明,high,89,0,0.0,0,0
v212,494,6066000,2025-12-23T19:59:40+00:00,14,说明,1.0,说明,high,14,0,0.0,0,0
v213,81,1856000,2025-12-24T00:14:53+00:00,6,说明,0.621212,说明,high,6,0,0.0,0,0
v214,516,14076000,2025-12-23T20:44:22+00:00,127,说明,1.0,说明,high,127,3,0.023622047244094488,0,0
v215,326,4182000,2025-12-24T05:57:12+00:00,13,说明,0.565217,说明,high,13,0,0.0,0,0
v216,67,8360000,2025-12-23T20:14:41+00:00,5,说明,1.0,说明,high,5,0,0.0,0,0
v217,871,140000,2025-12-24T01:50:27+00:00,132,刺激,0.714286,说明,high,132,7,0.05303030303030303,1,0
v218,536,1816000,2025-12-24T04:15:00+00:00,35,刺激,0.475,说明,high,35,2,0.05714285714285714,1,0
v219,431,268000,2025-12-24T01:11:19+00:00,16,说明,0.863636,说明,high,16,2,0.125,0,0
v220,132,605000,2025-12-24T04:00:00+00:00,4,说明,0.75,说明,high,4,0,0.0,0,0
v221,235,41147000,2025-12-23T22:12:05+00:00,48,说明,0.742857,说明,high,48,1,0.020833333333333332,0,0
v222,1314,128000,2025-12-23T22:59:54+00:00,2,说明,1.0,说明,high,2,0,0.0,0,0
v223,789,983000,2025-12-23T20:21:40+00:00,20,说明,0.941176,说明,high,20,1,0.05,0,0
v224,15,15000,2025-12-24T02:24:19+00:00,3,说明,0.609626,说明,high,3,1,0.3333333333333333,0,0
v225,336,1257000,2025-12-23T19:49:49+00:00,15,说明,0.823529,说明,high,15,0,0.0,0,0
v226,40,2171000,2025-12-24T01:31:47+00:00,4,说明,0.77027,说明,high,4,0,0.0,0,0
v227,4979,392000,2025-12-23T22:24:28+00:00,360,说明,1.0,说明,high,360,23,0.06388888888888888,0,0
v228,390,1591000,2025-12-23T23:15:38+00:00,39,说明,0.6,说明,high,39,4,0.10256410256410256,0,0
v229,287,607000,2025-12-24T01:33:52+00:00,3,说明,0.6,说明,high,3,0,0.0,0,0
v230,3875,149000,2026-01-05T22:49:40+00:00,543,刺激,1.0,说明,high,543,43,0.07918968692449356,1,0
v231,39092,13000,2025-12-20T00:00:00+00:00,3202,说明,0.636364,说明,high,3202,240,0.07495315427857589,0,0
v232,65928,89000,2025-12-18T01:30:00+00:00,11101,说明,1.0,说明,high,11101,728,0.06557967750653095,0,0
v233,7604,4813,2025-12-25T01:00:00+00:00,564,说明,0.737226,刺激,high,564,54,0.09574468085106383,0,1
v234,11766,20000,2026-01-03T17:16:40+00:00,100,说明,1.0,说明,high,100,9,0.09,0,0
v235,77,9828,2025-12-11T08:14:46+00:00,11,说明,0.932432,说明,high,11,3,0.2727272727272727,0,0
v236,3453,57000,2025-12-15T19:33:46+00:00,147,说明,0.625692,说明,high,147,15,0.10204081632653061,0,0
v237,37810,4106000,2025-12-10T18:46:14+00:00,2215,说明,0.72,说明,high,2215,298,0.1345372460496614,0,0
v238,1971,3765,2025-12-24T04:47:33+00:00,138,说明,1.0,刺激,high,138,12,0.08695652173913043,0,1
v239,183501,1073000,2026-01-21T01:33:09+00:00,21588,说明,1.0,刺激,high,21588,1149,0.053224013340744857,0,1
v240,62480,1073000,2026-01-20T19:26:00+00:00,4398,说明,1.0,说明,high,4398,353,0.0802637562528422,0,0
v241,109850,1073000,2026-01-23T17:31:44+00:00,4963,刺激,1.0,刺激,medium,4963,506,0.10195446302639533,1,1
v242,90265,13472000,2025-12-11T02:56:13+00:00,2115,说明,1.0,说明,high,2115,197,0.09314420803782505,0,0
v243,70728,5082000,2025-12-12T02:14:21+00:00,1500,说明,0.8125,说明,high,1500,226,0.15066666666666667,0,0
v244,4048,11532000,2025-12-10T22:54:48+00:00,1038,刺激,0.5,说明,high,1038,120,0.11560693641618497,1,0
v245,22516,39725000,2025-12-10T18:27:29+00:00,967,说明,0.72,说明,high,967,140,0.14477766287487073,0,0
v246,218935,104000,2025-12-06T15:00:00+00:00,4507,说明,0.909091,说明,high,4507,634,0.14067006878189484,0,0
v247,113169,240000,2025-11-29T19:14:42+00:00,5984,说明,1.0,说明,high,5984,533,0.08907085561497326,0,0
v248,50649,2146000,2025-12-11T04:53:29+00:00,2198,说明,0.537037,说明,medium,2198,256,0.1164695177434031,0,0
v249,68392,2016000,2025-12-11T19:02:59+00:00,2666,刺激,0.823529,说明,high,2666,467,0.1751687921980495,1,0
v250,32749,8794000,2025-12-10T22:21:46+00:00,20,说明,0.470588,说明,high,20,1,0.05,0,0
v251,2624,2082000,2025-12-10T19:34:25+00:00,509,说明,0.7,说明,high,509,61,0.11984282907662082,0,0
v252,21260,41147000,2025-12-10T22:24:57+00:00,1353,刺激,0.625,说明,medium,1353,301,0.22246858832224686,1,0
v253,11077,18444000,2025-12-10T19:45:04+00:00,762,说明,0.745455,说明,high,762,103,0.13517060367454067,0,0
v254,1909,2171000,2025-12-11T02:53:41+00:00,105,说明,0.986486,说明,high,105,11,0.10476190476190476,0,0
v255,54362,41147000,2025-12-11T03:43:59+00:00,786,说明,0.754386,说明,high,786,121,0.15394402035623408,0,0
v256,12478,28319000,2025-12-10T21:33:18+00:00,461,说明,1.0,说明,high,461,150,0.32537960954446854,0,0
v257,19199,8367000,2025-12-10T22:59:57+00:00,670,说明,1.0,说明,high,670,105,0.15671641791044777,0,0
v258,33308,605000,2025-12-11T00:16:23+00:00,2251,说明,0.655172,说明,high,2251,358,0.15904042647712127,0,0
v259,6674,392000,2025-12-10T23:53:31+00:00,600,说明,1.0,说明,high,600,72,0.12,0,0
v260,2351,2171000,2025-12-11T02:37:24+00:00,196,说明,0.775862,说明,high,196,22,0.11224489795918367,0,0
v261,11264,20792000,2025-12-10T19:06:34+00:00,9,说明,0.666667,说明,high,9,3,0.3333333333333333,0,0
v262,164425,674000,2025-12-05T18:16:14+00:00,1348,说明,0.779727,说明,high,1348,166,0.12314540059347182,0,0
v263,359639,188000,2025-12-11T03:04:54+00:00,4134,刺激,0.540741,刺激,medium,4134,480,0.11611030478955008,1,1
v264,2188,1356000,2025-12-10T20:31:06+00:00,28,说明,0.7,说明,high,28,4,0.14285714285714285,0,0
v265,177,96000,2025-12-16T01:27:49+00:00,113,刺激,0.37037,刺激,high,113,0,0.0,1,1
v266,135,886000,2026-01-05T17:00:00+00:00,18,说明,0.505155,说明,high,18,3,0.16666666666666666,0,0
v267,14287,829,2025-12-15T17:43:00+00:00,661,说明,1.0,说明,high,661,111,0.16792738275340394,0,0
v268,4376,13000,2025-12-08T15:15:00+00:00,590,说明,1.0,说明,high,590,50,0.0847457627118644,0,0
v269,383,3525000,2026-01-29T02:30:24+00:00,50,说明,0.834783,说明,medium,50,4,0.08,0,0
v270,106702,273000,2025-12-05T20:47:42+00:00,150,说明,0.941176,说明,high,150,22,0.14666666666666667,0,0
v271,889,8632000,2025-12-10T20:42:43+00:00,100,说明,0.769231,说明,high,100,12,0.12,0,0
v272,3110,104000,2025-12-11T15:00:00+00:00,200,说明,1.0,说明,high,200,22,0.11,0,0
v273,1675,405000,2025-12-10T21:02:59+00:00,198,说明,0.5,说明,high,198,20,0.10101010101010101,0,0
v274,91,8790000,2025-12-24T19:11:21+00:00,10,说明,0.888889,说明,high,10,1,0.1,0,0
v275,2011,7620000,2025-12-10T23:19:21+00:00,250,说明,1.0,说明,high,250,51,0.204,0,0
v276,62,8681,2025-12-06T21:53:00+00:00,36,说明,1.0,说明,high,36,2,0.05555555555555555,0,0
v277,348,806,2025-12-11T00:51:15+00:00,100,说明,1.0,说明,high,100,15,0.15,0,0
v278,1595,2361000,2025-12-11T07:16:36+00:00,67,说明,0.753247,说明,high,67,12,0.1791044776119403,0,0
v279,650,8645000,2025-12-10T19:24:08+00:00,3,说明,1.0,说明,high,3,0,0.0,0,0
v280,117,2135000,2025-12-11T02:51:48+00:00,5,说明,0.444444,说明,high,5,0,0.0,0,0
v281,3681,2504000,2025-12-10T23:22:17+00:00,436,说明,1.0,说明,high,436,80,0.1834862385321101,0,0
v282,668,70000,2025-12-10T22:51:08+00:00,50,说明,0.692308,说明,high,50,21,0.42,0,0
v283,193,70000,2025-12-12T04:35:51+00:00,12,说明,0.566265,说明,medium,12,0,0.0,0,0
v284,127,116000,2025-12-11T00:23:57+00:00,5,说明,0.526316,说明,high,5,1,0.2,0,0
v285,94,1788000,2025-12-10T20:04:38+00:00,22,说明,0.625,说明,high,22,5,0.22727272727272727,0,0
v286,68,168000,2025-12-08T19:03:31+00:00,3,说明,0.769231,说明,high,3,0,0.0,0,0
v287,170,608,2025-12-29T21:09:15+00:00,8,说明,0.621622,刺激,high,8,2,0.25,0,1
v288,56,1617,2026-01-22T23:32:43+00:00,5,说明,1.0,刺激,high,5,0,0.0,0,1
v289,980,418,2025-12-06T18:10:39+00:00,100,说明,0.931034,说明,high,100,13,0.13,0,0
v290,144,553000,2025-12-23T22:49:08+00:00,29,说明,0.909091,刺激,medium,29,1,0.034482758620689655,0,1
v291,10258,992000,2026-01-01T02:09:07+00:00,2856,说明,1.0,说明,high,2856,131,0.04586834733893557,0,0
v292,8803,69869000,2025-12-23T21:31:13+00:00,33,说明,1.0,说明,high,33,1,0.030303030303030304,0,0
v293,2604,4243000,2025-11-30T20:49:14+00:00,49,说明,0.740741,说明,high,49,10,0.20408163265306123,0,0
v294,1357,6628,2025-12-27T23:08:36+00:00,199,说明,1.0,说明,high,199,7,0.035175879396984924,0,0
v295,24740,106000,2025-12-06T07:35:26+00:00,296,说明,0.652174,说明,high,296,26,0.08783783783783784,0,0
v296,7306,273000,2025-12-02T23:27:59+00:00,50,说明,1.0,说明,high,50,6,0.12,0,0
v297,5672,1129,2025-12-09T02:05:00+00:00,291,说明,1.0,说明,high,291,20,0.06872852233676977,0,0
v298,2800,698000,2025-12-01T23:21:30+00:00,34,刺激,0.444444,说明,high,34,5,0.14705882352941177,1,0
v299,531,3525000,2025-12-27T05:05:08+00:00,49,刺激,0.40625,刺激,high,49,8,0.16326530612244897,1,1
v300,5474,352000,2025-11-30T01:55:57+00:00,249,说明,1.0,说明,high,249,12,0.04819277108433735,0,0
v301,546,155000,2025-12-10T20:02:00+00:00,50,说明,0.843931,说明,high,50,3,0.06,0,0
v302,1008,25000,2025-12-13T01:46:35+00:00,35,说明,0.953125,说明,medium,35,2,0.05714285714285714,0,0
v303,1698,10000,2025-12-03T22:26:00+00:00,99,说明,1.0,说明,high,99,3,0.030303030303030304,0,0
v304,47918,24000,2026-01-01T23:14:20+00:00,3602,说明,1.0,说明,high,3602,618,0.17157134925041642,0,0
v305,3849,14000,2025-12-24T06:27:12+00:00,335,说明,0.897436,说明,medium,335,45,0.13432835820895522,0,0
v306,3772,1373,2025-12-31T17:30:00+00:00,200,说明,1.0,说明,high,200,19,0.095,0,0
v307,88,840,2025-12-13T17:56:49+00:00,18,说明,0.554348,说明,high,18,6,0.3333333333333333,0,0
v308,406,3161000,2025-11-30T15:24:00+00:00,50,说明,0.642105,说明,high,50,10,0.2,0,0
v309,53682,2504000,2025-12-25T14:00:00+00:00,1514,说明,1.0,刺激,high,1514,64,0.04227212681638045,0,1
v310,7257,610,2025-12-04T18:56:17+00:00,250,说明,0.96,刺激,high,250,42,0.168,0,1
v311,5392,32000,2025-12-03T03:51:50+00:00,942,说明,0.65625,说明,high,942,32,0.03397027600849257,0,0
v312,1280,22738000,2025-12-23T22:23:02+00:00,50,说明,1.0,说明,high,50,0,0.0,0,0
v313,16274,2504000,2025-12-24T14:00:00+00:00,350,说明,1.0,刺激,high,350,27,0.07714285714285714,0,1
v314,2116,8246000,2025-12-23T23:37:24+00:00,34,说明,0.761905,说明,high,34,1,0.029411764705882353,0,0
v315,7028,611000,2025-12-06T03:58:32+00:00,370,说明,0.924242,说明,high,370,68,0.1837837837837838,0,0
v316,2055,31000,2025-11-30T21:40:26+00:00,39,说明,1.0,说明,high,39,6,0.15384615384615385,0,0
v317,1111,101000,2025-12-01T00:33:33+00:00,100,说明,0.983871,说明,high,100,8,0.08,0,0
v318,653,2853,2025-12-24T08:18:26+00:00,99,说明,0.772152,说明,high,99,19,0.1919191919191919,0,0
v319,6439,18000,2025-12-29T21:09:34+00:00,736,说明,0.980392,说明,high,736,126,0.17119565217391305,0,0
v320,396,603000,2025-11-30T18:14:52+00:00,99,刺激,0.583333,说明,high,99,13,0.13131313131313133,1,0
v321,266,78000,2025-12-17T17:35:00+00:00,35,说明,0.581395,说明,high,35,4,0.11428571428571428,0,0
v322,11175,12000,2025-12-27T00:03:05+00:00,475,说明,0.908257,说明,medium,475,79,0.16631578947368422,0,0
v323,117,26000,2025-12-10T02:11:36+00:00,5,说明,0.6,说明,high,5,0,0.0,0,0
v324,5488,14000,2025-12-06T02:47:55+00:00,172,说明,1.0,说明,high,172,35,0.20348837209302326,0,0
v325,92,5477,2026-01-01T01:04:05+00:00,18,说明,0.95082,说明,high,18,2,0.1111111111111111,0,0
v326,806,152000,2025-12-09T21:38:59+00:00,54,说明,1.0,说明,high,54,2,0.037037037037037035,0,0
v327,467,25000,2025-12-17T00:22:22+00:00,23,说明,0.960784,说明,high,23,0,0.0,0,0
v328,342,50000,2025-12-22T00:47:28+00:00,33,说明,0.97619,说明,high,33,0,0.0,0,0
v329,2532,1914000,2025-12-24T05:15:26+00:00,277,说明,1.0,说明,medium,277,23,0.08303249097472924,0,0
v330,6713,75000,2025-12-06T18:02:43+00:00,82,说明,0.638158,说明,high,82,8,0.0975609756097561,0,0
v331,3135,1486000,2025-11-30T18:28:06+00:00,8,说明,1.0,说明,high,8,2,0.25,0,0
v332,2193,11532000,2025-12-04T01:49:49+00:00,383,说明,0.895522,说明,medium,383,63,0.16449086161879894,0,0
v333,1105,11000,2026-01-06T01:56:50+00:00,43,说明,0.658537,说明,high,43,3,0.06976744186046512,0,0
v334,17506,2135000,2025-12-05T03:59:53+00:00,752,说明,0.614035,刺激,high,752,155,0.20611702127659576,0,1
v335,42,22000,2025-12-13T13:05:00+00:00,8,说明,0.727891,说明,high,8,2,0.25,0,0
v336,455,13000,2025-12-03T02:32:16+00:00,28,说明,0.738235,说明,high,28,4,0.14285714285714285,0,0
v337,1179,2504000,2025-12-24T03:08:26+00:00,20,说明,1.0,说明,high,20,0,0.0,0,0
v338,46,2943,2026-01-14T01:20:00+00:00,9,说明,1.0,说明,high,9,0,0.0,0,0
v339,19175,104000,2025-12-06T01:30:00+00:00,65,刺激,0.545455,刺激,high,65,4,0.06153846153846154,1,1
v340,54142,1023000,2025-12-04T02:56:52+00:00,1903,说明,0.574468,说明,high,1903,281,0.14766158696794535,0,0
v341,1119,64000,2025-11-30T23:57:14+00:00,107,说明,0.545455,说明,high,107,8,0.07476635514018691,0,0
v342,3821,54000,2025-11-30T22:45:36+00:00,50,刺激,0.6,说明,high,50,7,0.14,1,0
v343,752,140000,2025-11-30T23:16:11+00:00,148,说明,0.8,说明,high,148,23,0.1554054054054054,0,0
v344,15531,968000,2025-12-02T20:35:02+00:00,200,刺激,0.666667,刺激,medium,200,3,0.015,1,1
v345,60,68000,2026-01-23T16:57:42+00:00,50,说明,1.0,说明,high,50,4,0.08,0,0
v346,2960,607000,2025-12-05T02:27:14+00:00,100,说明,0.754717,说明,high,100,13,0.13,0,0
v347,12,4315,2026-01-03T06:37:45+00:00,2,说明,0.514151,说明,high,2,0,0.0,0,0
v348,3159,1587000,2025-12-02T00:00:44+00:00,147,说明,1.0,说明,high,147,22,0.14965986394557823,0,0
v349,2613,603000,2025-11-28T18:30:48+00:00,50,说明,0.545455,说明,high,50,11,0.22,0,0
v350,6727,17000,2025-12-04T01:37:21+00:00,100,刺激,0.947368,刺激,high,100,13,0.13,1,1
v351,3577,16000,2025-12-04T23:49:26+00:00,100,说明,0.634146,说明,medium,100,29,0.29,0,0
v352,1251,11532000,2025-12-23T21:21:04+00:00,10,刺激,0.5,说明,high,10,0,0.0,1,0
v353,97,127,2026-02-05T00:01:36+00:00,30,说明,0.804124,说明,high,30,0,0.0,0,0
v354,27652,183000,2025-12-05T02:30:01+00:00,150,刺激,0.625,刺激,high,150,17,0.11333333333333333,1,1
v355,1155,1060000,2025-12-01T00:30:22+00:00,149,说明,0.708333,说明,high,149,32,0.21476510067114093,0,0
v356,9605,8093000,2025-12-14T02:15:41+00:00,273,说明,0.402778,说明,high,273,25,0.09157509157509157,0,0
v357,8453,1788000,2025-12-03T01:23:36+00:00,100,刺激,0.785714,说明,high,100,7,0.07,1,0
v358,1081,2829000,2025-12-23T20:34:13+00:00,10,说明,1.0,说明,high,10,1,0.1,0,0
v359,74,29000,2025-12-23T20:45:50+00:00,2,说明,1.0,说明,high,2,0,0.0,0,0
v360,2701,13000,2025-12-03T18:09:52+00:00,23,刺激,0.909091,说明,medium,23,0,0.0,1,0
v361,1010,259000,2025-12-11T17:23:10+00:00,100,说明,0.511628,说明,high,100,12,0.12,0,0
v362,5986,3423000,2025-12-23T20:29:48+00:00,3,说明,1.0,说明,high,3,0,0.0,0,0
v363,421,15000,2025-12-25T10:01:35+00:00,29,说明,0.536329,说明,high,29,8,0.27586206896551724,0,0
v364,3932,559000,2025-12-04T02:27:45+00:00,99,说明,0.571429,刺激,high,99,34,0.3434343434343434,0,1
v365,225,6096,2025-12-23T19:15:45+00:00,20,说明,0.818182,说明,high,20,0,0.0,0,0
v366,228,192000,2025-12-02T01:09:28+00:00,19,说明,0.672,说明,high,19,0,0.0,0,0
v367,370,121000,2025-11-30T05:22:11+00:00,44,刺激,0.545455,说明,high,44,9,0.20454545454545456,1,0
v368,853,576000,2025-12-02T01:23:44+00:00,5,说明,0.519231,说明,high,5,0,0.0,0,0
v369,95,32000,2026-01-03T03:27:19+00:00,7,说明,0.986301,说明,high,7,0,0.0,0,0
v370,744,744000,2025-12-23T22:42:33+00:00,18,说明,1.0,说明,high,18,0,0.0,0,0
v371,109,162000,2026-03-17T02:19:31+00:00,8,说明,0.839827,说明,high,8,0,0.0,0,0
v372,1222,45000,2025-11-30T17:34:00+00:00,100,刺激,0.428571,说明,high,100,14,0.14,1,0
v373,2255,101000,2025-12-05T00:35:22+00:00,33,说明,0.483582,说明,medium,33,0,0.0,0,0
v374,446,54000,2025-12-24T03:22:45+00:00,50,说明,1.0,说明,high,50,5,0.1,0,0
v375,436,3078000,2025-12-01T02:20:36+00:00,6,说明,0.82,说明,high,6,0,0.0,0,0
v376,324,853000,2025-12-01T02:17:56+00:00,11,说明,0.508197,说明,high,11,0,0.0,0,0
v377,878,3386000,2025-12-03T00:28:10+00:00,34,刺激,0.571429,刺激,medium,34,17,0.5,1,1
v378,213,8227000,2025-12-25T07:03:01+00:00,33,说明,0.732484,说明,high,33,0,0.0,0,0
v379,367,14000,2025-12-24T20:59:07+00:00,50,说明,0.958333,说明,high,50,9,0.18,0,0
v380,6747,268000,2025-12-03T22:42:55+00:00,50,刺激,0.545455,说明,high,50,6,0.12,1,0
v381,27,68000,2026-01-25T03:07:36+00:00,4,说明,0.758242,刺激,high,4,2,0.5,0,1
v382,359,2441000,2025-11-30T03:53:18+00:00,41,说明,0.555556,说明,high,41,5,0.12195121951219512,0,0
v383,4927,145000,2025-12-03T23:54:59+00:00,150,刺激,0.717949,刺激,high,150,15,0.1,1,1
v384,306,1619,2025-12-11T03:44:48+00:00,50,说明,0.75,说明,high,50,2,0.04,0,0
v385,289,238000,2025-12-02T06:34:02+00:00,20,说明,0.5,刺激,medium,20,0,0.0,0,1
v386,6883,13472000,2025-12-01T03:47:22+00:00,21,说明,1.0,说明,high,21,2,0.09523809523809523,0,0
v387,73,44,2025-12-24T16:30:00+00:00,12,说明,1.0,说明,high,12,1,0.08333333333333333,0,0
v388,217,11000,2025-12-24T03:49:35+00:00,38,说明,1.0,说明,high,38,2,0.05263157894736842,0,0
v389,2039,6577,2025-12-24T03:13:28+00:00,100,说明,0.987805,说明,medium,100,11,0.11,0,0
v390,372,29000,2025-12-03T02:16:47+00:00,32,说明,0.48913,说明,high,32,10,0.3125,0,0
v391,379,872,2025-12-04T04:23:27+00:00,50,说明,1.0,说明,high,50,7,0.14,0,0
v392,42,24000,2025-12-26T02:05:05+00:00,10,说明,0.487805,说明,high,10,2,0.2,0,0
v393,168,3276,2025-12-02T19:58:40+00:00,49,说明,1.0,说明,high,49,6,0.12244897959183673,0,0
v394,18,3439,2025-12-25T04:30:00+00:00,5,说明,1.0,说明,high,5,0,0.0,0,0
v395,197,9818,2025-12-06T04:39:48+00:00,14,说明,1.0,说明,high,14,2,0.14285714285714285,0,0
v396,130,51000,2025-12-05T03:01:46+00:00,12,说明,1.0,说明,high,12,1,0.08333333333333333,0,0
v397,36,767,2025-12-04T01:08:28+00:00,5,说明,0.972222,说明,high,5,1,0.2,0,0
v398,23,5581,2026-01-05T17:27:09+00:00,5,说明,1.0,说明,high,5,0,0.0,0,0
v399,178,611,2025-12-08T01:15:05+00:00,12,说明,1.0,刺激,medium,12,0,0.0,0,1
v400,138,83000,2025-12-25T04:01:17+00:00,9,说明,1.0,说明,high,9,1,0.1111111111111111,0,0
v401,34,2987,2025-12-09T01:18:32+00:00,5,说明,0.984615,说明,high,5,0,0.0,0,0
v402,695,2598,2025-12-04T02:17:28+00:00,27,说明,0.615385,说明,high,27,7,0.25925925925925924,0,0
v403,261,164,2025-12-07T00:10:53+00:00,15,说明,0.968254,说明,high,15,2,0.13333333333333333,0,0
v404,13,162,2026-01-09T19:30:25+00:00,3,说明,0.50641,说明,high,3,1,0.3333333333333333,0,0
v405,125,127000,2025-12-23T22:09:08+00:00,10,说明,0.989691,说明,high,10,0,0.0,0,0
v406,172,136,2025-12-16T07:05:51+00:00,10,说明,1.0,刺激,medium,10,1,0.1,0,1
v407,43965,8246000,2025-12-04T00:15:00+00:00,655,说明,0.636364,说明,medium,655,65,0.09923664122137404,0,0
v408,45075,8246000,2025-12-03T19:17:41+00:00,1202,说明,0.545455,说明,medium,1202,178,0.1480865224625624,0,0
v409,917,12322000,2025-12-03T21:36:30+00:00,33,说明,0.721311,说明,high,33,1,0.030303030303030304,0,0
v410,20403,1085000,2025-12-02T23:52:41+00:00,200,刺激,0.6,说明,high,200,12,0.06,1,0
v411,18460,16093000,2025-12-04T04:56:45+00:00,349,说明,0.431373,说明,high,349,17,0.04871060171919771,0,0
v412,24225,144000,2025-12-03T00:39:57+00:00,795,说明,1.0,说明,high,795,127,0.15974842767295597,0,0
v413,2395,3078000,2025-12-02T23:36:31+00:00,54,刺激,0.777778,刺激,high,54,0,0.0,1,1
v414,313,930000,2025-12-04T21:47:46+00:00,6,说明,0.449275,说明,high,6,1,0.16666666666666666,0,0
v415,14170,70000,2025-12-02T23:06:04+00:00,99,说明,0.875,刺激,medium,99,3,0.030303030303030304,0,1
v416,52,24000,2025-11-30T23:40:10+00:00,6,说明,0.5625,说明,high,6,2,0.3333333333333333,0,0
v417,505656,2146000,2025-12-03T07:52:41+00:00,8344,刺激,0.482143,刺激,high,8344,1791,0.21464525407478427,1,1
v418,177119,14643000,2025-12-04T18:10:27+00:00,3272,说明,0.533333,刺激,medium,3272,428,0.13080684596577016,0,1
v419,3963,27385000,2025-12-18T23:14:46+00:00,150,说明,0.813953,说明,high,150,14,0.09333333333333334,0,0
v420,144494,5082000,2025-12-07T04:11:14+00:00,365,说明,0.510204,刺激,medium,365,98,0.2684931506849315,0,1
v421,29268,25000,2025-12-03T20:50:01+00:00,346,说明,1.0,刺激,high,346,57,0.16473988439306358,0,1
v422,69542,11728000,2025-12-01T01:58:39+00:00,7532,说明,0.6,说明,high,7532,550,0.0730217737652682,0,0
v423,1997,13000,2025-12-03T22:47:31+00:00,100,说明,0.726324,说明,high,100,20,0.2,0,0
v424,1328,115000,2025-12-01T00:48:09+00:00,7,说明,0.666667,说明,medium,7,0,0.0,0,0
v425,22306,576000,2025-12-04T19:50:02+00:00,407,说明,0.571429,刺激,medium,407,86,0.2113022113022113,0,1
v426,8460,18444000,2025-12-04T05:21:59+00:00,248,说明,0.5,说明,high,248,55,0.2217741935483871,0,0
v427,2088,4389,2025-12-31T02:46:05+00:00,296,说明,0.925926,说明,high,296,19,0.06418918918918919,0,0
v428,151156,11532000,2025-12-03T19:46:09+00:00,50,刺激,0.8,说明,high,50,14,0.28,1,0
v429,232536,3525000,2025-12-08T02:38:52+00:00,149,说明,0.952663,刺激,medium,149,15,0.10067114093959731,0,1
v430,162631,24000,2026-01-23T22:57:13+00:00,5910,刺激,1.0,刺激,high,5910,677,0.11455160744500846,1,1
v431,596,16000,2025-12-22T03:05:07+00:00,50,说明,0.78125,说明,high,50,2,0.04,0,0
v432,6666,27945000,2025-12-23T19:46:23+00:00,2,说明,1.0,说明,high,2,0,0.0,0,0
v433,2535,234000,2026-01-10T02:00:00+00:00,100,说明,0.633484,刺激,high,100,7,0.07,0,1
v434,4912,610,2025-12-24T15:07:39+00:00,368,说明,0.986842,说明,high,368,70,0.19021739130434784,0,0
v435,3790,46000,2025-11-29T04:12:10+00:00,11,说明,0.5,说明,high,11,1,0.09090909090909091,0,0
v436,1683,20000,2026-03-16T16:00:20+00:00,100,说明,0.919355,刺激,medium,100,3,0.03,0,1
v437,24,220,2026-02-19T07:08:48+00:00,3,说明,0.947917,刺激,high,3,0,0.0,0,1
v438,247,2639000,2025-12-23T19:53:11+00:00,43,说明,1.0,说明,high,43,2,0.046511627906976744,0,0
v439,9977,592,2026-01-05T08:43:18+00:00,319,说明,0.520325,说明,medium,319,48,0.15047021943573669,0,0
v440,691579,323000,2025-12-29T02:11:08+00:00,18815,说明,0.646341,说明,high,18815,774,0.041137390380015945,0,0
v441,49193,104000,2025-12-08T19:00:00+00:00,3003,说明,1.0,说明,high,3003,373,0.12420912420912421,0,0
v442,365779,87000,2025-12-02T21:32:46+00:00,8808,说明,0.625,刺激,high,8808,715,0.08117620345140782,0,1
v443,97813,39725000,2025-12-23T20:20:42+00:00,12,说明,1.0,刺激,high,12,1,0.08333333333333333,0,1
v444,4095,4309000,2025-12-02T00:26:32+00:00,18,说明,1.0,说明,high,18,1,0.05555555555555555,0,0
v445,48,2952,2025-12-13T01:58:56+00:00,11,说明,1.0,说明,high,11,2,0.18181818181818182,0,0
v446,3149,1788000,2025-12-01T09:00:48+00:00,6,说明,1.0,说明,high,6,1,0.16666666666666666,0,0
v447,24,5820,2025-12-30T03:06:52+00:00,12,说明,1.0,说明,high,12,1,0.08333333333333333,0,0
v448,9600,2456000,2025-12-04T23:15:52+00:00,20,说明,0.869565,说明,high,20,2,0.1,0,0
v449,456,1181000,2025-12-01T19:06:00+00:00,100,说明,1.0,说明,high,100,8,0.08,0,0
